Workbook
Name IQ_CH: 110000
Name IQ_CQ: 5000
Name IQ_CY: 10000
Name IQ_DAILY: 500000
Name IQ_FH: 100000
Name IQ_FQ: 500
Name IQ_FY: 1000
Name IQ_LTM: 2000
Name IQ_MONTH: 15000
Name IQ_NTM: 6000
Name IQ_WEEK: 50000
Name IQ_YTD: 3000

Sheet Logger
A1: Date | B1: Day (Pull/Push/Legs) | C1: Exercise | D1: Set # | E1: Reps | F1: Weight (kg) | G1: Weight (lb) | H1: Weight (kg converted) | I1: Notes
A2: 45955 | B2: Pull | C2: Cable row | D2: 4 | E2: 12 | F2: 60 | H2: =IF(F2<>"",IF(ISBLANK(G2),F2,CONVERT(G2,"lbm","kg")),F2) -> 60
C3: Wide cable lat pulldown | D3: 4 | E3: 12 | F3: 60 | H3: =IF(F3<>"",IF(ISBLANK(G3),F3,CONVERT(G3,"lbm","kg")),F3) -> 60
C4: Mts row | D4: 3 | E4: 15 | F4: 50 | H4: =IF(F4<>"",IF(ISBLANK(G4),F4,CONVERT(G4,"lbm","kg")),F4) -> 50 | I4: Each hand
C5: Machine bicep curl | D5: 4 | E5: 12 | F5: 80 | H5: =IF(F5<>"",IF(ISBLANK(G5),F5,CONVERT(G5,"lbm","kg")),F5) -> 80
C6: Cable hammer curl | D6: 4 | E6: 12 | F6: 32.5 | H6: =IF(F6<>"",IF(ISBLANK(G6),F6,CONVERT(G6,"lbm","kg")),F6) -> 32.5
H7: =IF(F7<>"",IF(ISBLANK(G7),F7,CONVERT(G7,"lbm","kg")),F7) -> 0
H8: =IF(F8<>"",IF(ISBLANK(G8),F8,CONVERT(G8,"lbm","kg")),F8) -> 0
H9: =IF(F9<>"",IF(ISBLANK(G9),F9,CONVERT(G9,"lbm","kg")),F9) -> 0
H10: =IF(F10<>"",IF(ISBLANK(G10),F10,CONVERT(G10,"lbm","kg")),F10) -> 0
H11: =IF(F11<>"",IF(ISBLANK(G11),F11,CONVERT(G11,"lbm","kg")),F11) -> 0
H12: =IF(F12<>"",IF(ISBLANK(G12),F12,CONVERT(G12,"lbm","kg")),F12) -> 0
H13: =IF(F13<>"",IF(ISBLANK(G13),F13,CONVERT(G13,"lbm","kg")),F13) -> 0
H14: =IF(F14<>"",IF(ISBLANK(G14),F14,CONVERT(G14,"lbm","kg")),F14) -> 0
H15: =IF(F15<>"",IF(ISBLANK(G15),F15,CONVERT(G15,"lbm","kg")),F15) -> 0
H16: =IF(F16<>"",IF(ISBLANK(G16),F16,CONVERT(G16,"lbm","kg")),F16) -> 0
H17: =IF(F17<>"",IF(ISBLANK(G17),F17,CONVERT(G17,"lbm","kg")),F17) -> 0
H18: =IF(F18<>"",IF(ISBLANK(G18),F18,CONVERT(G18,"lbm","kg")),F18) -> 0
... H63: =IF(F63<>"",IF(ISBLANK(G63),F63,CONVERT(G63,"lbm","kg")),F63) -> 0
H64: =IF(F64<>"",IF(ISBLANK(G64),F64,CONVERT(G64,"lbm","kg")),F64) -> 0 | J64: testing
H65: =IF(F65<>"",IF(ISBLANK(G65),F65,CONVERT(G65,"lbm","kg")),F65) -> 0 | J65: test
H66: =IF(F66<>"",IF(ISBLANK(G66),F66,CONVERT(G66,"lbm","kg")),F66) -> 0
H67: =IF(F67<>"",IF(ISBLANK(G67),F67,CONVERT(G67,"lbm","kg")),F67) -> 0
H68: =IF(F68<>"",IF(ISBLANK(G68),F68,CONVERT(G68,"lbm","kg")),F68) -> 0

Sheet Planner
A1: Date | B1: Planned Workout | C1: Planned | D1: Status
A2: 2025-10-25 | B2: Pull | C2: =IF(B2<>"Rest","Planned","Rest") -> Planned | D2: =IF(B2="Rest","Not Planned",IF(COUNTIFS(Logger!A:A,A2)>0,"Worked Out","Missed")) -> Worked Out
A3: 2025-10-26 | B3: Push | C3: =IF(B3<>"Rest","Planned","Rest") -> Planned | D3: =IF(B3="Rest","Not Planned",IF(COUNTIFS(Logger!A:A,A3)>0,"Worked Out","Missed")) -> Missed
A4: 2025-10-27 | B4: Rest | C4: =IF(B4<>"Rest","Planned","Rest") -> Rest | D4: =IF(B4="Rest","Not Planned",IF(COUNTIFS(Logger!A:A,A4)>0,"Worked Out","Missed")) -> Not Planned
A5: 2025-10-28 | B5: Pull | C5: =IF(B5<>"Rest","Planned","Rest") -> Planned | D5: =IF(B5="Rest","Not Planned",IF(COUNTIFS(Logger!A:A,A5)>0,"Worked Out","Missed")) -> Missed
A6: 2025-10-29 | B6: Push | C6: =IF(B6<>"Rest","Planned","Rest") -> Planned | D6: =IF(B6="Rest","Not Planned",IF(COUNTIFS(Logger!A:A,A6)>0,"Worked Out","Missed")) -> Missed
A7: 2025-10-30 | B7: Rest | C7: =IF(B7<>"Rest","Planned","Rest") -> Rest | D7: =IF(B7="Rest","Not Planned",IF(COUNTIFS(Logger!A:A,A7)>0,"Worked Out","Missed")) -> Not Planned
A8: 2025-10-31 | B8: Pull | C8: =IF(B8<>"Rest","Planned","Rest") -> Planned | D8: =IF(B8="Rest","Not Planned",IF(COUNTIFS(Logger!A:A,A8)>0,"Worked Out","Missed")) -> Missed
A9: 2025-11-01 | B9: Push | C9: =IF(B9<>"Rest","Planned","Rest") -> Planned | D9: =IF(B9="Rest","Not Planned",IF(COUNTIFS(Logger!A:A,A9)>0,"Worked Out","Missed")) -> Missed
A10: 2025-11-02 | B10: Legs | C10: =IF(B10<>"Rest","Planned","Rest") -> Planned | D10: =IF(B10="Rest","Not Planned",IF(COUNTIFS(Logger!A:A,A10)>0,"Worked Out","Missed")) -> Missed
A11: 2025-11-03 | B11: Rest | C11: =IF(B11<>"Rest","Planned","Rest") -> Rest | D11: =IF(B11="Rest","Not Planned",IF(COUNTIFS(Logger!A:A,A11)>0,"Worked Out","Missed")) -> Not Planned
A12: 2025-11-04 | B12: Pull | C12: =IF(B12<>"Rest","Planned","Rest") -> Planned | D12: =IF(B12="Rest","Not Planned",IF(COUNTIFS(Logger!A:A,A12)>0,"Worked Out","Missed")) -> Missed
A13: 2025-11-05 | B13: Push | C13: =IF(B13<>"Rest","Planned","Rest") -> Planned | D13: =IF(B13="Rest","Not Planned",IF(COUNTIFS(Logger!A:A,A13)>0,"Worked Out","Missed")) -> Missed
... A63: 2025-12-25 | B63: Rest | C63: =IF(B63<>"Rest","Planned","Rest") -> Rest | D63: =IF(B63="Rest","Not Planned",IF(COUNTIFS(Logger!A:A,A63)>0,"Worked Out","Missed")) -> Not Planned
